{"stat.drop.minecraft.repeater":1,"stat.useItem.minecraft.air":4773,"stat.walkOneCm":521456,"stat.useItem.minecraft.lever":210,"stat.pickup.minecraft.redstone_torch":174,"stat.pickup.minecraft.sign":1,"stat.useItem.minecraft.repeater":308,"stat.leaveGame":6,"stat.drop.minecraft.redstone":3,"stat.jump":581,"stat.drop.minecraft.sticky_piston":1,"stat.useItem.minecraft.redstone":2401,"stat.crouchOneCm":1428,"stat.pickup.minecraft.sticky_piston":1,"stat.sprintOneCm":1192,"stat.pickup.minecraft.repeater":17,"stat.pickup.minecraft.lever":50,"stat.flyOneCm":3654932,"stat.useItem.minecraft.unlit_redstone_torch":762,"stat.drop":5,"stat.playOneMinute":806731,"stat.sneakTime":17962,"stat.pickup.minecraft.redstone":636,"stat.timeSinceDeath":806731}